slug,title,primary_keyword,description
es256-explained,ES256 JWT Algorithm Explained,es256 jwt,ECDSA P-256 SHA-256 JWT signing explained
es384-explained,ES384 JWT Algorithm Explained,es384 jwt,ECDSA P-384 JWT signing guide
es512-explained,ES512 JWT Algorithm Explained,es512 jwt,ECDSA P-521 JWT signing guide
hs384-explained,HS384 JWT Algorithm Explained,hs384 jwt,HMAC SHA-384 JWT signing guide
hs512-explained,HS512 JWT Algorithm Explained,hs512 jwt,HMAC SHA-512 JWT signing guide
rs256-explained,RS256 JWT Algorithm Explained,rs256 jwt,RSA SHA-256 JWT signing — most common asymmetric algorithm
rs384-explained,RS384 JWT Algorithm Explained,rs384 jwt,RSA SHA-384 JWT signing guide
ps256-explained,PS256 JWT Algorithm Explained,ps256 jwt,RSA-PSS SHA-256 JWT signing guide
eddsa-jwt,EdDSA JWT Algorithm,eddsa jwt,Ed25519 JWT signing with EdDSA algorithm
jwt-alg-none,JWT alg none Explained,jwt alg none,Why alg:none is dangerous and must be rejected
jwt-algorithm-selection,JWT Algorithm Selection Guide,jwt algorithm selection,How to choose the right JWT signing algorithm
jwt-symmetric-vs-asymmetric,JWT Symmetric vs Asymmetric,symmetric vs asymmetric jwt,HMAC vs RSA vs ECDSA for JWT signing
jwt-hs256-secret-length,HS256 Secret Key Length,hs256 secret length,Minimum secret key length for HS256 JWT
jwt-rs256-key-size,RS256 Key Size Requirements,rs256 key size,RSA key size recommendations for RS256 JWT
jwt-ecdsa-vs-rsa,ECDSA vs RSA for JWT,ecdsa vs rsa jwt,Compare ES256 and RS256 for JWT signing
jwt-jwks-explained,JWKS Explained for JWT,jwks explained,JSON Web Key Set for JWT public key verification
jwt-kid-header,JWT kid Header Claim,jwt kid header,Key ID in JWT header for key rotation
jwt-key-rotation,JWT Key Rotation Guide,jwt key rotation,Rotate JWT signing keys without downtime
