slug,title,primary_keyword,description,cluster,fix_type
jwt-decode-windows,JWT Decode on Windows,jwt decode windows,Decode JWT tokens on Windows using browser tools and PowerShell,decode-validate,
jwt-decode-mac,JWT Decode on Mac,jwt decode mac,Decode JWT tokens on macOS with free online tools,decode-validate,
jwt-decode-linux,JWT Decode Linux,jwt decode linux,Decode JWT tokens on Linux command line and browser,decode-validate,
jwt-decode-vs-code,JWT Decode VS Code,jwt decode vscode,Decode JWT tokens in Visual Studio Code extensions,decode-validate,
jwt-decode-jetbrains,JWT Decode IntelliJ,jwt decode intellij,Inspect JWT tokens in JetBrains IDEs,decode-validate,
jwt-chrome-devtools,JWT Chrome DevTools,jwt chrome devtools,Find and decode JWT tokens in Chrome developer tools,decode-validate,
jwt-firefox-devtools,JWT Firefox DevTools,jwt firefox devtools,Inspect JWT cookies and tokens in Firefox,decode-validate,
jwt-browser-extension,JWT Browser Extension,jwt browser extension,Best browser extensions for JWT decoding,decode-validate,
jwt-decode-offline,JWT Decode Offline,jwt decode offline,Decode JWT tokens offline without internet connection,decode-validate,
jwt-decode-large-token,JWT Decode Large Token,jwt decode large token,Decode oversized or long JWT tokens,decode-validate,
jwt-decode-unicode,JWT Unicode Claims,jwt unicode claims,Handle Unicode characters in JWT payload claims,decode-validate,
jwt-decode-nested-json,JWT Nested JSON Claims,jwt nested json claims,Decode JWT with nested JSON object claims,decode-validate,
jwt-decode-array-claims,JWT Array Claims,jwt array claims,Understanding array values in JWT payload claims,decode-validate,
jwt-decode-binary-claims,JWT Binary Claims,jwt binary claims,Handle binary and base64 claims in JWT tokens,decode-validate,
jwt-decode-compressed,JWT Compressed Payload,jwt compressed payload,Compressed JWT payloads and decompression,decode-validate,
jwt-url-safe,JWT URL Safe Encoding,jwt url safe encoding,Base64URL encoding in JWT tokens explained,decode-validate,
jwt-padding,JWT Base64 Padding,jwt base64 padding,Base64 padding in JWT segments explained,decode-validate,
jwt-segment-decode,JWT Segment Decode,jwt segment decode,Decode individual JWT header payload signature segments,decode-validate,
jwt-payload-only,JWT Payload Only Decode,jwt payload only decode,Decode only the JWT payload without full token,decode-validate,
jwt-signature-only,JWT Signature Explained Online,jwt signature only,Inspect JWT signature segment separately,decode-validate,
jwt-typ-header,JWT typ Header Claim,jwt typ header,Understanding typ JWT in header claim,decode-validate,
jwt-cty-header,JWT cty Header Claim,jwt cty header,Content type cty claim in JWT header,decode-validate,
jwt-critical-header,JWT crit Header Parameter,jwt crit header,Critical header parameters in JWT,decode-validate,
jwt-x5c-certificate,JWT x5c Certificate Header,jwt x5c certificate,x5c X.509 certificate chain in JWT header,algorithms,
jwt-x5t-thumbprint,JWT x5t Thumbprint,jwt x5t thumbprint,X.509 certificate thumbprint in JWT header,algorithms,
jwt-decode-auth0-token,Decode Auth0 JWT Token,decode auth0 jwt token,Decode and inspect Auth0 issued JWT tokens,providers,
jwt-decode-firebase-token,Decode Firebase JWT Token,decode firebase jwt token,Decode Firebase authentication JWT ID tokens,providers,
jwt-decode-cognito-token,Decode Cognito JWT Token,decode cognito jwt token,Decode AWS Cognito JWT access and ID tokens,providers,
jwt-decode-okta-token,Decode Okta JWT Token,decode okta jwt token,Decode Okta access and ID tokens for debugging,providers,
jwt-decode-keycloak-token,Decode Keycloak JWT Token,decode keycloak jwt token,Decode Keycloak OpenID Connect tokens,providers,
jwt-decode-google-token,Decode Google OAuth JWT,decode google oauth jwt,Decode Google OAuth 2.0 ID tokens,providers,
jwt-decode-azure-token,Decode Azure AD JWT Token,decode azure ad jwt token,Decode Microsoft Azure AD JWT tokens,providers,
jwt-decode-supabase-token,Decode Supabase JWT,decode supabase jwt token,Decode Supabase authentication JWT tokens,providers,
jwt-decode-github-token,Decode GitHub JWT Token,decode github jwt token,Decode GitHub App and OAuth JWT tokens,providers,
jwt-decode-apple-token,Decode Apple Sign In JWT,decode apple sign in jwt,Decode Apple Sign In identity tokens,providers,
jwt-decode-discord-token,Decode Discord OAuth JWT,decode discord oauth token,Inspect Discord OAuth 2.0 tokens,providers,
jwt-decode-spotify-token,Decode Spotify OAuth JWT,decode spotify oauth token,Decode Spotify API OAuth tokens,providers,
jwt-decode-salesforce-token,Decode Salesforce JWT,decode salesforce jwt token,Salesforce OAuth JWT token inspection,providers,
jwt-decode-shopify-token,Decode Shopify JWT,decode shopify jwt token,Shopify app authentication JWT tokens,providers,
jwt-decode-twilio-token,Decode Twilio JWT,decode twilio jwt token,Twilio API JWT and access token format,providers,
jwt-verify-auth0,Verify Auth0 JWT Token,verify auth0 jwt,Verify Auth0 JWT signature with JWKS endpoint,providers,
jwt-verify-firebase,Verify Firebase JWT,verify firebase jwt token,Verify Firebase ID token signature server-side,providers,
jwt-verify-cognito,Verify Cognito JWT,verify cognito jwt token,Verify AWS Cognito JWT with JWKS,providers,
jwt-verify-okta,Verify Okta JWT,verify okta jwt token,Verify Okta access token with JWKS URL,providers,
jwt-verify-keycloak,Verify Keycloak JWT,verify keycloak jwt,Verify Keycloak RS256 tokens with public key,providers,
jwt-expired-auth0,JWT Expired Auth0 Token,jwt expired auth0,Fix expired Auth0 access tokens,decode-validate,expired,
jwt-expired-firebase,JWT Expired Firebase Token,jwt expired firebase,Handle expired Firebase ID tokens,decode-validate,expired,
jwt-expired-cognito,JWT Expired Cognito Token,jwt expired cognito,Refresh expired AWS Cognito tokens,decode-validate,expired,
jwt-invalid-signature-auth0,JWT Invalid Signature Auth0,jwt invalid signature auth0,Fix Auth0 JWT signature verification errors,decode-validate,signature,
jwt-invalid-signature-firebase,JWT Invalid Signature Firebase,jwt invalid signature firebase,Fix Firebase JWT signature verification,decode-validate,signature,
jwt-nodejs-express-auth,JWT Node.js Express Auth,jwt nodejs express auth,Complete Express.js JWT authentication tutorial,implementation,
jwt-nodejs-fastify,JWT Node.js Fastify,jwt nodejs fastify,Fastify JWT authentication plugin guide,implementation,
jwt-nodejs-koa,JWT Node.js Koa,jwt nodejs koa,Koa.js JWT middleware authentication,implementation,
jwt-nodejs-hapi,JWT Node.js Hapi,jwt nodejs hapi,Hapi.js JWT authentication strategy,implementation,
jwt-python-fastapi-auth,JWT Python FastAPI Auth,jwt python fastapi auth,FastAPI JWT authentication complete guide,implementation,
jwt-python-django-rest,JWT Python Django REST,jwt python django rest,Django REST Framework JWT authentication,implementation,
jwt-python-flask-jwt-extended,JWT Flask JWT Extended,jwt flask jwt extended,Flask-JWT-Extended library tutorial,implementation,
jwt-java-spring-security,JWT Java Spring Security,jwt java spring security,Spring Security JWT filter chain setup,implementation,
jwt-java-micronaut,JWT Java Micronaut,jwt java micronaut,Micronaut JWT security configuration,implementation,
jwt-java-quarkus,JWT Java Quarkus,jwt java quarkus,Quarkus JWT MicroProfile authentication,implementation,
jwt-go-gin-auth,JWT Go Gin Authentication,jwt go gin auth,Gin framework JWT middleware in Go,implementation,
jwt-go-echo-auth,JWT Go Echo Authentication,jwt go echo auth,Echo framework JWT authentication Go,implementation,
jwt-go-fiber-auth,JWT Go Fiber Authentication,jwt go fiber auth,Fiber Go JWT middleware guide,implementation,
jwt-csharp-identity,JWT ASP.NET Identity,jwt aspnet identity,ASP.NET Core Identity with JWT tokens,implementation,
jwt-csharp-minimal-api,JWT Minimal API .NET,jwt minimal api dotnet,.NET minimal API JWT authentication,implementation,
jwt-php-laravel-passport,JWT Laravel Passport,jwt laravel passport,Laravel Passport OAuth JWT tokens,implementation,
jwt-php-laravel-sanctum,JWT Laravel Sanctum,jwt laravel sanctum,Laravel Sanctum API token vs JWT,implementation,
jwt-ruby-rails-devise,JWT Ruby Rails Devise,jwt ruby rails devise,Rails Devise JWT authentication gem,implementation,
jwt-ruby-sinatra,JWT Ruby Sinatra Auth,jwt ruby sinatra auth,Sinatra JWT authentication middleware,implementation,
jwt-rust-actix,JWT Rust Actix Web,jwt rust actix web,Actix Web JWT authentication in Rust,implementation,
jwt-rust-rocket,JWT Rust Rocket Auth,jwt rust rocket auth,Rocket framework JWT auth Rust,implementation,
jwt-elixir-phoenix,JWT Elixir Phoenix Auth,jwt elixir phoenix auth,Phoenix Elixir JWT authentication guide,implementation,
jwt-kotlin-ktor,JWT Kotlin Ktor Auth,jwt kotlin ktor auth,Ktor JWT authentication in Kotlin,implementation,
jwt-swift-vapor,JWT Swift Vapor Auth,jwt swift vapor auth,Vapor Swift server JWT authentication,implementation,
jwt-nextjs-app-router,JWT Next.js App Router Auth,jwt nextjs app router,Next.js 14 App Router JWT authentication,implementation,
jwt-nextjs-pages-router,JWT Next.js Pages Router,jwt nextjs pages router,Next.js Pages Router JWT auth pattern,implementation,
jwt-remix-auth,JWT Remix Authentication,jwt remix authentication,Remix.run JWT session authentication,implementation,
jwt-sveltekit-auth,JWT SvelteKit Authentication,jwt sveltekit auth,SvelteKit JWT authentication guide,implementation,
jwt-nuxt-auth,JWT Nuxt 3 Authentication,jwt nuxt 3 authentication,Nuxt 3 JWT auth module setup,implementation,
jwt-solidjs-auth,JWT SolidJS Authentication,jwt solidjs auth,SolidJS JWT token authentication,implementation,
jwt-expo-mobile,JWT Expo React Native,jwt expo react native,Expo React Native JWT authentication,implementation,
jwt-capacitor-mobile,JWT Capacitor Mobile Auth,jwt capacitor mobile auth,Capacitor JWT token storage mobile apps,implementation,
jwt-ionic-auth,JWT Ionic Authentication,jwt ionic authentication,Ionic Angular JWT auth implementation,implementation,
jwt-electron-auth,JWT Electron App Auth,jwt electron authentication,JWT token storage in Electron desktop apps,implementation,
jwt-tauri-auth,JWT Tauri App Authentication,jwt tauri authentication,Tauri desktop app JWT auth pattern,implementation,
jwt-websocket-auth,JWT WebSocket Authentication,jwt websocket auth token,Authenticate WebSocket connections with JWT,implementation,
jwt-server-sent-events,JWT SSE Authentication,jwt server sent events auth,JWT auth for Server-Sent Events streams,implementation,
jwt-sse-auth,JWT Server Side Events Auth,jwt sse authentication,SSE endpoint JWT bearer authentication,implementation,
jwt-redis-revocation,JWT Redis Token Revocation,jwt redis token revocation,Redis-based JWT revocation blocklist,security,
jwt-mongodb-revocation,JWT MongoDB Revocation List,jwt mongodb revocation,MongoDB JWT jti revocation store,security,
jwt-postgres-revocation,JWT PostgreSQL Revocation,jwt postgresql revocation,PostgreSQL JWT token revocation table,security,
jwt-dynamodb-revocation,JWT DynamoDB Revocation,jwt dynamodb revocation,DynamoDB JWT token blocklist AWS,security,
jwt-rate-limiting,JWT Rate Limiting,jwt rate limiting,Rate limit JWT authenticated API endpoints,security,
jwt-ip-binding,JWT IP Address Binding,jwt ip binding claim,Bind JWT tokens to client IP address,security,
jwt-device-binding,JWT Device Binding,jwt device binding,Device fingerprint binding in JWT claims,security,
jwt-fingerprint-claim,JWT Device Fingerprint Claim,jwt fingerprint claim,Custom device fingerprint JWT claim,security,
jwt-mfa-claim,JWT MFA Claim,jwt mfa claim,Multi-factor authentication status in JWT,security,
jwt-amr-claim,JWT amr Claim Explained,jwt amr claim,Authentication Methods Reference amr claim,claims,
jwt-acr-claim,JWT acr Claim Explained,jwt acr claim,Authentication Context Class Reference acr,claims,
jwt-auth-time-claim,JWT auth_time Claim,jwt auth_time claim,OpenID Connect auth_time claim explained,claims,
jwt-nonce-claim,JWT nonce Claim OIDC,jwt nonce claim,OpenID Connect nonce claim for replay prevention,claims,
jwt-at-hash-claim,JWT at_hash Claim,jwt at_hash claim,Access token hash claim in OIDC ID tokens,claims,
jwt-c-hash-claim,JWT c_hash Claim,jwt c_hash claim,Code hash claim in OpenID Connect,claims,
jwt-s_hash-claim,JWT s_hash Claim,jwt s_hash claim,State hash claim OpenID Connect,claims,
jwt-roles-claim,JWT Roles Claim,jwt roles claim,Role-based access with roles claim in JWT,security,
jwt-groups-claim,JWT Groups Claim,jwt groups claim,Group membership claims in JWT tokens,security,
jwt-permissions-array,JWT Permissions Array Claim,jwt permissions array,Array of permission strings in JWT,security,
jwt-tenant-claim,JWT Tenant Claim Multi-Tenant,jwt tenant claim,Multi-tenant SaaS tenant_id JWT claim,security,
jwt-org-id-claim,JWT Organization ID Claim,jwt org id claim,Organization identifier claim in B2B JWT,security,
jwt-workspace-claim,JWT Workspace Claim,jwt workspace claim,Workspace or team ID in JWT claims,security,
jwt-plan-claim,JWT Subscription Plan Claim,jwt plan claim,Subscription tier plan claim in JWT,security,
jwt-feature-flags-claim,JWT Feature Flags Claim,jwt feature flags claim,Feature flag claims embedded in JWT,security,
jwt-decode-test-token,JWT Decode Test Token,jwt decode test token,Generate and decode test JWT tokens for development,decode-validate,
jwt-mock-token,JWT Mock Token Development,jwt mock token development,Create mock JWT tokens for testing APIs,decode-validate,
jwt-fake-token,JWT Fake Token Testing,jwt fake token testing,Fake JWT tokens for unit test mocking,decode-validate,
jwt-test-secret,JWT Test Secret Key,jwt test secret key,Standard test secrets for JWT development,security,
jwt-hardcoded-secret-danger,JWT Hardcoded Secret Danger,jwt hardcoded secret,Why hardcoded JWT secrets are a security risk,security,
jwt-env-secret,JWT Secret Environment Variable,jwt secret environment variable,Store JWT secrets in environment variables,security,
jwt-vault-secret,JWT Secret HashiCorp Vault,jwt secret hashicorp vault,Manage JWT signing keys with HashiCorp Vault,security,
jwt-aws-secrets-manager,JWT AWS Secrets Manager,jwt aws secrets manager,Store JWT secrets in AWS Secrets Manager,security,
jwt-azure-key-vault,JWT Azure Key Vault,jwt azure key vault signing key,Azure Key Vault for JWT signing keys,security,
jwt-google-kms,JWT Google Cloud KMS,jwt google cloud kms signing,Google Cloud KMS for JWT key management,security,
jwt-key-rotation-strategy,JWT Key Rotation Strategy,jwt key rotation strategy,Production JWT signing key rotation plan,security,
jwt-zero-downtime-rotation,JWT Zero Downtime Key Rotation,jwt zero downtime key rotation,Rotate JWT keys without service interruption,security,
jwt-grace-period-rotation,JWT Key Rotation Grace Period,jwt key rotation grace period,Grace period for old JWT signing keys,security,
jwt-decode-production-safe,JWT Decode Production Safe,jwt decode production safe,Safely decode production JWT tokens for debugging,security,
jwt-read-only-decode,JWT Read Only Decode,jwt read only decode,Decode JWT without verification for read-only inspection,decode-validate,
jwt-decode-no-verify,JWT Decode Without Verify,jwt decode without verify,Decode JWT payload without signature verification,decode-validate,
jwt-trust-decode-warning,JWT Never Trust Decode Only,jwt never trust decode,Why decoded JWT payload cannot be trusted without verify,security,
jwt-io-comparison,JWT.io vs JWTValidator Comparison,jwt.io vs jwtvalidator,Feature comparison jwt.io vs JWTValidator.org,comparisons,
jwt-io-alternative-free,JWT.io Free Alternative,jwt.io free alternative,Best free alternative to jwt.io decoder,comparisons,
jwt-io-more-tools,JWT.io More Tools Alternative,jwt.io more tools,Better JWT tools than jwt.io,comparisons,
jwt-decode-better-than-jwtio,Decode JWT Better Than jwt.io,decode jwt better than jwt.io,Why JWTValidator.org beats jwt.io for developers,comparisons,
jwt-online-decoder-comparison,JWT Online Decoder Comparison,jwt online decoder comparison,Compare top online JWT decoder tools,comparisons,
jwt-authentication-2024,JWT Authentication Guide 2025,jwt authentication guide 2025,Complete JWT authentication guide updated 2025,decode-validate,
jwt-best-practices-2025,JWT Best Practices 2025,jwt best practices 2025,JWT security best practices for 2025,security,
jwt-trends-2025,JWT Authentication Trends 2025,jwt trends 2025,Latest JWT authentication trends and standards,security,
jwt-rfc-8725-bcp,JWT RFC 8725 Best Practices,jwt rfc 8725,JSON Web Token Best Current Practices RFC 8725,security,
jwt-oauth-bcp,JWT OAuth 2.0 Best Practices,jwt oauth best practices,OAuth 2.0 security best practices with JWT,security,
jwt-oidc-specification,JWT OpenID Connect Specification,jwt openid connect specification,OpenID Connect JWT token specification guide,decode-validate,
jwt-oidc-discovery,JWT OIDC Discovery Document,jwt oidc discovery,OpenID Connect discovery and JWKS endpoint,providers,
jwt-well-known-jwks,JWT Well Known JWKS Endpoint,jwt well known jwks,Using .well-known/jwks.json for JWT verification,providers,
jwt-openid-configuration,JWT OpenID Configuration URL,jwt openid configuration,Fetch OpenID configuration for JWT validation,providers,
jwt-introspection-endpoint,JWT Token Introspection,jwt token introspection endpoint,OAuth 2.0 token introspection vs JWT validation,decode-validate,
jwt-token-exchange,JWT Token Exchange RFC 8693,jwt token exchange rfc 8693,OAuth 2.0 token exchange with JWT,decode-validate,
jwt-delegation-token,JWT Delegation Token,jwt delegation token,On-behalf-of JWT delegation tokens,security,
jwt-impersonation-token,JWT Impersonation Token,jwt impersonation token,Admin impersonation JWT tokens safely,security,
jwt-service-account,JWT Service Account Token,jwt service account token,Service account JWT for machine authentication,security,
jwt-client-assertion,JWT Client Assertion,jwt client assertion oauth,OAuth 2.0 client assertion JWT authentication,decode-validate,
jwt-private-key-jwt,JWT Private Key JWT Auth,jwt private key jwt auth,Private key JWT client authentication method,algorithms,
jwt-self-signed-client,JWT Self Signed Client Assertion,jwt self signed client assertion,Self-signed JWT for OAuth client auth,algorithms,
jwt-par-flow,JWT Pushed Authorization Request,jwt pushed authorization request,PAR OAuth flow with JWT tokens,decode-validate,
jwt-ciba-flow,JWT CIBA Flow Authentication,jwt ciba flow,Client Initiated Backchannel Authentication JWT,decode-validate,
jwt-decode-graphql-gateway,JWT GraphQL Gateway Auth,jwt graphql gateway auth,JWT authentication at GraphQL gateway layer,implementation,
jwt-apollo-federation,JWT Apollo Federation Auth,jwt apollo federation auth,JWT auth in Apollo GraphQL federation,implementation,
jwt-hasura-claims,JWT Hasura Custom Claims,jwt hasura custom claims,Hasura JWT custom claims mapping,providers,
jwt-postgraphile-auth,JWT PostGraphile Authentication,jwt postgraphile auth,PostGraphile JWT authentication setup,implementation,
jwt-prisma-auth,JWT Prisma Authentication,jwt prisma authentication,JWT auth with Prisma ORM backend,implementation,
jwt-supabase-rls,JWT Supabase Row Level Security,jwt supabase row level security,Supabase RLS with JWT claims,providers,
jwt-firebase-custom-claims,JWT Firebase Custom Claims,jwt firebase custom claims,Set and read Firebase custom JWT claims,providers,
jwt-auth0-rules,JWT Auth0 Rules Custom Claims,jwt auth0 rules custom claims,Auth0 Rules for custom JWT claims,providers,
jwt-auth0-actions,JWT Auth0 Actions Claims,jwt auth0 actions jwt claims,Auth0 Actions to customize JWT claims,providers,
jwt-cognito-groups,JWT Cognito Groups Claim,jwt cognito groups claim,AWS Cognito cognito:groups JWT claim,providers,
jwt-cognito-username,JWT Cognito Username Claim,jwt cognito username claim,Cognito cognito:username claim explained,providers,
jwt-lambda-authorizer,JWT Lambda Authorizer AWS,jwt lambda authorizer aws,AWS Lambda JWT custom authorizer guide,providers,
jwt-api-gateway-http,JWT HTTP API Gateway Auth,jwt http api gateway auth,AWS HTTP API JWT authorizer setup,providers,
jwt-cloudfront-auth,JWT CloudFront Authentication,jwt cloudfront authentication,Validate JWT at CloudFront edge,providers,
jwt-vercel-edge,JWT Vercel Edge Middleware,jwt vercel edge middleware,Vercel Edge Middleware JWT validation,implementation,
jwt-cloudflare-access,JWT Cloudflare Access,jwt cloudflare access token,Cloudflare Access JWT token validation,providers,
